Date,Loc.,Title,Company,Location,Link,Level
4/8,USA,"Vice President, Global Total Rewards & HR Ops","Advanced Energy Industries, Inc.","Denver, CO",Link,Director / Senior Director / VP - People Analytics Roles
4/8,USA,"Dir, TA Analytics",AllSTEM Connections,"Stamford, CT",Link,Director / Senior Director / VP - People Analytics Roles
4/8,USA,Operational Analytics Director,Ascension,"Glendale, WI",Link,Director / Senior Director / VP - People Analytics Roles
4/8,USA,"Director, HR People Operations",Auction.com,"Irvine, CA",Link,Director / Senior Director / VP - People Analytics Roles
4/8,USA,"Director, HR Business Partners & HR Analytics",Barkley,"Kansas City, MO",Link,Director / Senior Director / VP - People Analytics Roles
4/8,USA,VP HR Ops & Total Rewards,Baystate Health,"Springfield, MA",Link,Director / Senior Director / VP - People Analytics Roles
4/8,USA,"VP, People Technology & Operations",Delinea,California,Link,Director / Senior Director / VP - People Analytics Roles
4/8,USA,"Vice President, Human Resources Operations",Fortune Brands,"Deerfield, IL",Link,Director / Senior Director / VP - People Analytics Roles
4/8,USA,"Director, People Data and Analytics",Intuit,"Mountain View, CA",Link,Director / Senior Director / VP - People Analytics Roles
4/8,USA,"Director, People Insights Business Partner",McDonald's Corporation,"Chicago, IL",Link,Director / Senior Director / VP - People Analytics Roles
4/8,USA,"Vice President, People Operations, Systems, and Total Rewards",Metropolis,"Chicago, IL",Link,Director / Senior Director / VP - People Analytics Roles
4/8,USA,"Director, Organizational Effectiveness & People Insights",Newmont Mining,"Denver, CO",Link,Director / Senior Director / VP - People Analytics Roles
4/8,USA,"Director, Compensation & HR Operations",Northmarq,"Minneapolis, MN",Link,Director / Senior Director / VP - People Analytics Roles
4/8,USA,"Director, Human Resources Technology",Oklahoma State University,"Stillwater, OK",Link,Director / Senior Director / VP - People Analytics Roles
4/8,USA,"Director, HR Technology & Operations",Opendoor,"Phoenix, AZ",Link,Director / Senior Director / VP - People Analytics Roles
4/8,USA,"Dir, HR Transformation",Palo Alto Networks,"Santa Clara, CA",Link,Director / Senior Director / VP - People Analytics Roles
4/8,USA,"Director, Labor Planning",Pep Boys,"Bala-Cynwyd, PA",Link,Director / Senior Director / VP - People Analytics Roles
4/8,USA,"Strategic Workforce & Organizational Planner, Director",Salesforce,Chicago,Link,Director / Senior Director / VP - People Analytics Roles
4/8,USA,"Director, Human Resources Technology",Tricon Residential,"Tustin, CA",Link,Director / Senior Director / VP - People Analytics Roles
4/8,USA,"Vice President, HR Operations",Westfield Insurance,"Westfield Center, OH",Link,Director / Senior Director / VP - People Analytics Roles
4/8,UK,"Director, People Analytics",Figma,"New York, NY",Link,Director / Senior Director / VP - People Analytics Roles
4/8,CAN,"Director, Strategic Workforce Capacity Planning",ADP,"Dartmouth, NS",Link,Director / Senior Director / VP - People Analytics Roles
4/8,CAN,"Director, Workforce Effectiveness",LGM Financial Services Inc.,"Vancouver, BC",Link,Director / Senior Director / VP - People Analytics Roles
4/8,CAN,"Director, HR Total Rewards, Tech & Analytics",MCAP,"Toronto, ON",Link,Director / Senior Director / VP - People Analytics Roles
4/8,CAN,"Director, Talent Management Analytics & Insights",Sun Life,Montréal,Link,Director / Senior Director / VP - People Analytics Roles
3/10,USA,Global HR Technology & Operations Director,AmSpec Group,"Cranbury, NJ",Link,Director / Senior Director / VP - People Analytics Roles
3/10,USA,"Director, Partnerships and Solution Design",Autodesk,California,Link,Director / Senior Director / VP - People Analytics Roles
3/10,USA,"Director, Human Resources Technology",Blue Yonder,"Dallas, TX",Link,Director / Senior Director / VP - People Analytics Roles
3/10,USA,"Director, HR Technology & Data Analytics",Covetrus,"Atlanta, GA",Link,Director / Senior Director / VP - People Analytics Roles
3/10,USA,"Director, HR Technology & HR Operations",Crinetics Pharmaceuticals,"San Diego, CA",Link,Director / Senior Director / VP - People Analytics Roles
3/10,USA,Director of HR Technology and Analytics,Fisher Phillips,"Atlanta, GA",Link,Director / Senior Director / VP - People Analytics Roles
3/10,USA,"Director, People Analytics Partner",Gartner,"Stamford, CT",Link,Director / Senior Director / VP - People Analytics Roles
3/10,USA,"Director, People Operations & Analytics",Harbor Group Management Company,"Norfolk, VA",Link,Director / Senior Director / VP - People Analytics Roles
3/10,USA,"Vice President, People Support Services",Lazer Logistics,"Alpharetta, GA",Link,Director / Senior Director / VP - People Analytics Roles
3/10,USA,"Sr. Director, HR Technology & Operations",Neurocrine Bioscience,"San Diego, CA",Link,Director / Senior Director / VP - People Analytics Roles
3/10,USA,"Director, HR Transformation",Palo Alto Networks,"Santa Clara, CA",Link,Director / Senior Director / VP - People Analytics Roles
3/10,USA,"Director, Workforce Planning",PharMerica,"Louisville, KY",Link,Director / Senior Director / VP - People Analytics Roles
3/10,USA,Vice President Total Rewards and HR Systems,PremiStar,"Deerfield, IL",Link,Director / Senior Director / VP - People Analytics Roles
3/10,USA,Director of Talent Strategy,Rocky Mountain Prep,"Denver, CO",Link,Director / Senior Director / VP - People Analytics Roles
3/10,USA,"Director, TA and HR Systems",Worldpac Inc,"Oak Brook, IL",Link,Director / Senior Director / VP - People Analytics Roles
3/10,USA,"Director, Total Rewards",Worldpac Inc,"Oak Brook, IL",Link,Director / Senior Director / VP - People Analytics Roles
3/10,USA,VP HR Operations,Zoetis,New Jersey,Link,Director / Senior Director / VP - People Analytics Roles
3/10,UK,"VP, Head of HR Transformation","Jefferies & Company, Inc.","New York, NY",Link,Director / Senior Director / VP - People Analytics Roles
3/10,CAN,"Director, People Insights & Data Science Eng",Autodesk,"Toronto, ON",Link,Director / Senior Director / VP - People Analytics Roles
2/10,USA,"Director, Sales and Workforce Analytics",Brilliant Earth,Remote,Link,Director / Senior Director / VP - People Analytics Roles
2/10,USA,"Director, Total Rewards and HRIS","Form Energy, Inc","Berkeley, CA",Link,Director / Senior Director / VP - People Analytics Roles
2/10,USA,SVP Total Rewards & Operations,Gong.io Inc.,"Austin, TX",Link,Director / Senior Director / VP - People Analytics Roles
2/10,USA,"Director, Workforce Planning",LA28,"Los Angeles, CA",Link,Director / Senior Director / VP - People Analytics Roles
2/10,USA,"Director, People Operations & Insights",Nixon Peabody LLP,"Chicago, IL",Link,Director / Senior Director / VP - People Analytics Roles
2/10,USA,Director of Payroll and HRIS,St. John's University,"Queens, NY",Link,Director / Senior Director / VP - People Analytics Roles
2/10,USA,"HR Director, Data & Analytics",Teva Pharmaceuticals,New Jersey,Link,Director / Senior Director / VP - People Analytics Roles
2/10,USA,Workforce Planning Director,Wyndham Destinations,"Orlando, FL",Link,Director / Senior Director / VP - People Analytics Roles
2/10,CAN,"Director, Workforce Planning",Nutrien,"Calgary, AB",Link,Director / Senior Director / VP - People Analytics Roles
12/16,USA,SVP HR Research,Mass General Brigham,"Somerville, MA",Link,Director / Senior Director / VP - People Analytics Roles
12/16,USA,"CVP, Talent Mgmt Practices & Employee Listening",New York Life Insurance Co,"New York, NY",Link,Director / Senior Director / VP - People Analytics Roles
12/16,USA,"SVP, Platform Management & Engagement",SitusAMC,"Houston, TX",Link,Director / Senior Director / VP - People Analytics Roles
11/26,USA,System Director Workforce Planning & Mgmt,B.E. Smith,"Wausau, WI",Link,Director / Senior Director / VP - People Analytics Roles
11/26,USA,"Director, People Analytics",Datadog,"New York, NY",Link,Director / Senior Director / VP - People Analytics Roles
11/26,USA,"Sr. Director, People Operations",Memphis Grizzlies,"Memphis, TN",Link,Director / Senior Director / VP - People Analytics Roles
11/4,USA,Director of Workforce Analytics,NYC Department of Health,"New York, NY",Link,Director / Senior Director / VP - People Analytics Roles
4/8,USA,"Manager, Total Rewards & People Operations",3Play Media,"Boston, MA",Link,Manager / Senior Manager - People Analytics Roles
4/8,USA,Human Capital Management Systems Manager,American Red Cross,"Washington, DC",Link,Manager / Senior Manager - People Analytics Roles
4/8,USA,"Manager, People Data & Analytics",ASM,"Phoenix, AZ",Link,Manager / Senior Manager - People Analytics Roles
4/8,USA,"Manager, HR Operations",Athena Global Advisors,"Philadelphia, PA",Link,Manager / Senior Manager - People Analytics Roles
4/8,USA,"Manager, HRIS",Brident Dental & Orthodontics,"Coppell, TX",Link,Manager / Senior Manager - People Analytics Roles
4/8,USA,Strategic Workforce Planning Manager,Bunge,"Chesterfield, MO",Link,Manager / Senior Manager - People Analytics Roles
4/8,USA,People Analytics Manager,Burlington Stores,"Burlington, NJ",Link,Manager / Senior Manager - People Analytics Roles
4/8,USA,"Manager, Product Management - People Data Hub",Capital One,"McLean, VA",Link,Manager / Senior Manager - People Analytics Roles
4/8,USA,Manager Workforce Analytics,Celink,"Austin, TX",Link,Manager / Senior Manager - People Analytics Roles
4/8,USA,"Senior Manager, People Operations",Commure + Athelas,"San Francisco, CA",Link,Manager / Senior Manager - People Analytics Roles
4/8,USA,Human Resources Analytics Manager,Cummins Inc.,"Columbus, IN",Link,Manager / Senior Manager - People Analytics Roles
4/8,USA,"Manager, People Analytics",DAVITA,"Denver, CO",Link,Manager / Senior Manager - People Analytics Roles
4/8,USA,"Sr Manager, People Services",DAVITA,"Denver, CO",Link,Manager / Senior Manager - People Analytics Roles
4/8,USA,"Manager, HR Data and Records Compliance",Endeavor Health,"Skokie, IL",Link,Manager / Senior Manager - People Analytics Roles
4/8,USA,Talent & Organizational Effectiveness Manager,"Epiq Systems, Inc.","Overland Park, KS",Link,Manager / Senior Manager - People Analytics Roles
4/8,USA,"Senior Manager, HR Operations Optimization",FanDuel,"New York, NY",Link,Manager / Senior Manager - People Analytics Roles
4/8,USA,HRIS Manager,Florida Atlantic University,"Boca Raton, FL",Link,Manager / Senior Manager - People Analytics Roles
4/8,USA,"Sr. Manager, HR Operations",Goodwin Procter LLP,"Boston, MA",Link,Manager / Senior Manager - People Analytics Roles
4/8,USA,"Sr. Manager, People Analytics & Technology",Handshake,"San Francisco, CA",Link,Manager / Senior Manager - People Analytics Roles
4/8,USA,HR Data Intelligence Engagement Partner,Honeywell,"Charlotte, NC",Link,Manager / Senior Manager - People Analytics Roles
4/8,USA,Senior Manager of Compensation and HR Analytics,J.Jill,"Quincy, MA",Link,Manager / Senior Manager - People Analytics Roles
4/8,USA,"Sr. Manager, Workforce Insights & Planning",Kraft Heinz Company,Chicago,Link,Manager / Senior Manager - People Analytics Roles
4/8,USA,People Insights Manager,McDonald's Corporation,"Chicago, IL",Link,Manager / Senior Manager - People Analytics Roles
4/8,USA,Senior Manager of Analytics,Public Storage,"Plano, TX",Link,Manager / Senior Manager - People Analytics Roles
4/8,USA,"Manager, People Analytics & Insights",Regeneron,"Sleepy Hollow, NY",Link,Manager / Senior Manager - People Analytics Roles
4/8,USA,"Senior Manager, Employee Listening",Salesforce,"Seattle, WA",Link,Manager / Senior Manager - People Analytics Roles
4/8,USA,"Manager, People Analytics","ServiceTitan, Inc.",California,Link,Manager / Senior Manager - People Analytics Roles
4/8,USA,"Manager, People Insights and Analytics",Southern Veterinary Partners,"Birmingham, AL",Link,Manager / Senior Manager - People Analytics Roles
4/8,USA,People Analytics Manager,Stanley Martin Companies,"Reston, VA",Link,Manager / Senior Manager - People Analytics Roles
4/8,USA,Sr. People Analytics & Insights Manager,"T-Mobile USA, Inc",Various,Link,Manager / Senior Manager - People Analytics Roles
4/8,USA,"Associate Manager, People Scientist",The Clorox Company,"Pleasanton, CA",Link,Manager / Senior Manager - People Analytics Roles
4/8,USA,HRIS Manager,TOTE Resources LLC,"Tacoma, WA",Link,Manager / Senior Manager - People Analytics Roles
4/8,USA,"Sr Manager, People Analytics",Upwork,"Boston, MA",Link,Manager / Senior Manager - People Analytics Roles
4/8,USA,"Senior Manager, People Analytics",Wayfair,"Boston, MA",Link,Manager / Senior Manager - People Analytics Roles
4/8,USA,"Manager, Human Resources Data Integrity",Wayne State University,"Detroit, MI",Link,Manager / Senior Manager - People Analytics Roles
4/8,USA,People Analytics Manager,Western Governors University,"Salt Lake City, UT",Link,Manager / Senior Manager - People Analytics Roles
4/8,USA,"Manager, Workforce Analytics",Xcel Energy,"Minneapolis, MN",Link,Manager / Senior Manager - People Analytics Roles
4/8,UK,"Workforce Planning, Systems, Information Mgr",NHS Scotland,Dumfries,Link,Manager / Senior Manager - People Analytics Roles
4/8,UK,Workforce Planning Manager,Northumbria Police,Forth Banks,Link,Manager / Senior Manager - People Analytics Roles
4/8,UK,"Senior Manager, HR Analytics/Compensation",PGIM,London,Link,Manager / Senior Manager - People Analytics Roles
4/8,UK,Employee Voice and HR Measurement Manager,Toast,"Boston, MA",Link,Manager / Senior Manager - People Analytics Roles
4/8,EU,People Analytics Product Manager,Workday,"Ireland, Dublin",Link,Manager / Senior Manager - People Analytics Roles
4/8,CAN,"Manager, People Operations",Arc'teryx,"North Vancouver, BC",Link,Manager / Senior Manager - People Analytics Roles
4/8,CAN,"Manager, Total Rewards and HR Systems",Boat Rocker Media,"Toronto, ON",Link,Manager / Senior Manager - People Analytics Roles
4/8,CAN,Workforce Planning Manager,FortisBC,"Burnaby, BC",Link,Manager / Senior Manager - People Analytics Roles
4/8,CAN,"Manager, Strategic Workforce Planning",Government of Alberta,"Edmonton, AB",Link,Manager / Senior Manager - People Analytics Roles
4/8,CAN,"Manager, HR Analytics and Benchmarking",Info-Tech Research Group,Ontario,Link,Manager / Senior Manager - People Analytics Roles
4/8,CAN,Manager Strategic Workforce Planning,Insurance Corporation of BC,"North Vancouver, BC",Link,Manager / Senior Manager - People Analytics Roles
4/8,CAN,"Manager, Workforce Planning",Intact,"Montréal, QC",Link,Manager / Senior Manager - People Analytics Roles
4/8,CAN,"Senior Manager, Workforce Planning & TA",Keyera,"Calgary, AB",Link,Manager / Senior Manager - People Analytics Roles
4/8,CAN,"Senior Manager, WFP",Questrade Financial Group,"Toronto, ON",Link,Manager / Senior Manager - People Analytics Roles
4/8,CAN,Workforce Planning Team Manager,Reliance Home Comfort,"Cambridge, ON",Link,Manager / Senior Manager - People Analytics Roles
4/8,CAN,"Senior Manager, Exec Comp, Reporting & Analytics",Royal Bank of Canada,Toronto,Link,Manager / Senior Manager - People Analytics Roles
4/8,CAN,"Senior Manager, Workforce Effectiveness",TD Bank,"Toronto, ON",Link,Manager / Senior Manager - People Analytics Roles
4/8,CAN,Strategic Workforce Planning Manager,The Agency by Workland,"Vancouver, BC",Link,Manager / Senior Manager - People Analytics Roles
4/8,CAN,"Manager, Total Rewards & People Analytics",YMCA of Hamilton,"Hamilton, ON",Link,Manager / Senior Manager - People Analytics Roles
4/8,AUS,Workforce Planning Manager,Contract Resources,Australia,Link,Manager / Senior Manager - People Analytics Roles
4/8,AUS,Workforce Planning Team Manager,HelloFresh,Karawatha QLD,Link,Manager / Senior Manager - People Analytics Roles
4/8,AUS,Manager HR Reporting and Analytics,Queensland Government,Brisbane QLD,Link,Manager / Senior Manager - People Analytics Roles
3/10,USA,Global HR Technology & Operations,Amspec LLC.,"Cranbury, NJ",Link,Manager / Senior Manager - People Analytics Roles
3/10,USA,HR Operations and Systems Manager,"Amyris, Inc.","Emeryville, CA",Link,Manager / Senior Manager - People Analytics Roles
3/10,USA,Manager Organization Development (OD),Beacon Health System,"Granger, IN",Link,Manager / Senior Manager - People Analytics Roles
3/10,USA,Global HRIS Manager,City Storage Systems,"Los Angeles, CA",Link,Manager / Senior Manager - People Analytics Roles
3/10,USA,Senior Manager Strategic Talent Analytics,CSL Behring,"King of Prussia, PA",Link,Manager / Senior Manager - People Analytics Roles
3/10,USA,System Manager People Data Science,Dignity Health,"Phoenix, AZ",Link,Manager / Senior Manager - People Analytics Roles
3/10,USA,"Sr. Manager, People Analytics and Performance Mgmt",East West Bank,"Pasadena, CA",Link,Manager / Senior Manager - People Analytics Roles
3/10,USA,"Sr. Manager, HR Operations",Energy Recovery,"San Leandro, CA",Link,Manager / Senior Manager - People Analytics Roles
3/10,USA,HR Analytics Manager,KBS,San Diego,Link,Manager / Senior Manager - People Analytics Roles
3/10,USA,"Sr. Mgr, Workforce Planning",Lam Research,"Hillsboro, OR",Link,Manager / Senior Manager - People Analytics Roles
3/10,USA,Workforce Planning Manager,"Maximus Services, LLC","Chester, VA",Link,Manager / Senior Manager - People Analytics Roles
3/10,USA,People Ops Manager (HRIS & Compensation),Nexxen,"New York, NY",Link,Manager / Senior Manager - People Analytics Roles
3/10,USA,"Sr. Manager, Compensation & HRIS","Pacira Pharmaceuticals, Inc.",New Jersey,Link,Manager / Senior Manager - People Analytics Roles
3/10,USA,"Sr. Manager, Talent Planning & Analytics",Red Bull,"Santa Monica, CA",Link,Manager / Senior Manager - People Analytics Roles
3/10,USA,"Manager, Workforce Planning - Sam's Club",Sam's Club,"Bentonville, AR",Link,Manager / Senior Manager - People Analytics Roles
3/10,USA,HR Analytics Assistant Manager,Toyota Tsusho America,"Georgetown, KY",Link,Manager / Senior Manager - People Analytics Roles
3/10,USA,Manager of Talent Analytics,URBN,"Philadelphia, PA",Link,Manager / Senior Manager - People Analytics Roles
3/10,CAN,"Senior Manager/Manager, Workforce Planning",Aritzia,"New Westminster, BC",Link,Manager / Senior Manager - People Analytics Roles
3/10,CAN,Sr. Manager Workforce and Scheduling Planning,National Bank of Canada,"Montréal, QC",Link,Manager / Senior Manager - People Analytics Roles
3/10,CAN,Manager HR Analytics,Sofina Foods Inc,"Markham, ON",Link,Manager / Senior Manager - People Analytics Roles
3/10,CAN,"Manager, HRIS and Analytics",Vancouver City Savings Credit Union,"Vancouver, BC",Link,Manager / Senior Manager - People Analytics Roles
3/10,AUS,Workforce Planning & Compensation Manager,Amer Sports,Moorabbin Airport VIC,Link,Manager / Senior Manager - People Analytics Roles
3/10,AUS,Employee Listening Manager,Macquarie Group Limited,Sydney NSW,Link,Manager / Senior Manager - People Analytics Roles
2/10,USA,"Manager, HRIS & People Analytics",Alliant Group,"Houston, TX",Link,Manager / Senior Manager - People Analytics Roles
2/10,USA,"Manager, HRIS & People Analytics",alliantgroup,"Houston, TX",Link,Manager / Senior Manager - People Analytics Roles
2/10,USA,Associate Director of HR Analytics,Burtch Works,"Fort Myers, FL",Link,Manager / Senior Manager - People Analytics Roles
2/10,USA,"Head of People Operations, Insights, & TR",Everlaw,"Oakland, CA",Link,Manager / Senior Manager - People Analytics Roles
2/10,USA,"Associate Director, People Analytics Insight Partner",Gilead Sciences,"Foster City, CA",Link,Manager / Senior Manager - People Analytics Roles
2/10,USA,Manager Recruitment Systems and Data integrity,MTA,"New York, NY",Link,Manager / Senior Manager - People Analytics Roles
2/10,USA,HR Workforce Analytics Manager,University of Colorado,"Aurora, CO",Link,Manager / Senior Manager - People Analytics Roles
2/10,AUS,"Manager, Workforce Planning",Civeo,Perth WA,Link,Manager / Senior Manager - People Analytics Roles
2/10,AUS,Workforce Planning Manager,Heinemann,Sydney NSW,Link,Manager / Senior Manager - People Analytics Roles
1/13,USA,"Associate Director, Talent Analytics",Arrowstreet Capital,"Boston, MA",Link,Manager / Senior Manager - People Analytics Roles
1/13,USA,"Manager, HR Ops (HRIS, Payroll & Benefits)",Mid-America Transplant Services,"St. Louis, MO",Link,Manager / Senior Manager - People Analytics Roles
1/13,USA,Manager Global People Analytics,Miracle Software Systems,Georgia,Link,Manager / Senior Manager - People Analytics Roles
1/13,USA,HRIS Manager,PLS,"Chicago, IL",Link,Manager / Senior Manager - People Analytics Roles
1/13,CAN,"Senior Manager, Total Rewards & People Insights",Jane.app,Canada,Link,Manager / Senior Manager - People Analytics Roles
12/16,UK,HRIS HR Systems Management,Met T&S,London,Link,Manager / Senior Manager - People Analytics Roles
12/16,CAN,"Manager, HR Analytics Solutions",Royal Bank of Canada,"Toronto, ON",Link,Manager / Senior Manager - People Analytics Roles
11/26,USA,"Manager, Labor Planning & Forecasting",Gate Gourmet,"Chantilly, VA",Link,Manager / Senior Manager - People Analytics Roles
11/26,USA,AVP – Workforce Analytics and HRIS,Maimonides Medical Center,"New York, NY",Link,Manager / Senior Manager - People Analytics Roles
11/4,USA,"Associate Director, People Insights and Analytics",FINRA,"Rockville, MD",Link,Manager / Senior Manager - People Analytics Roles
11/4,USA,"AVP, Total Rewards and HR Tech",UTMB Health,"Galveston, TX",Link,Manager / Senior Manager - People Analytics Roles
4/8,USA,Global HR Operations Analyst,Adobe,"San Jose, CA",Link,Individual Contributor - People Analytics Roles
4/8,USA,Compensation Senior Manager - Analytics,ADP,"Roseland, NJ",Link,Individual Contributor - People Analytics Roles
4/8,USA,Senior Compensation Analyst,"Advanced Instruments, Inc","Norwood, MA",Link,Individual Contributor - People Analytics Roles
4/8,USA,HR Data Analyst,"Advanced Micro Devices, Inc","Austin, TX",Link,Individual Contributor - People Analytics Roles
4/8,USA,HR BSO & Shared Services Lead,AgFirst Farm Credit Bank,"Columbia, SC",Link,Individual Contributor - People Analytics Roles
4/8,USA,Senior Human Resources Analyst,Aldrich Services LLP,United States,Link,Individual Contributor - People Analytics Roles
4/8,USA,Business Intelligence Engineer,Amazon.com,"Seattle, WA",Link,Individual Contributor - People Analytics Roles
4/8,USA,Senior People Technology Administrator & Analyst,Amy's Kitchen,"Petaluma, CA",Link,Individual Contributor - People Analytics Roles
4/8,USA,HR Data Analyst,Aquila Technology,"Lexington, MA",Link,Individual Contributor - People Analytics Roles
4/8,USA,Business Intelligence (BI) Analyst,Arena Analytics,"Baltimore, MD",Link,Individual Contributor - People Analytics Roles
4/8,USA,HR Analytics Specialist,Arrow Search Partners,"New York, NY",Link,Individual Contributor - People Analytics Roles
4/8,USA,HR Data Migration Specialist (Temporary),Ascent Living Communities,"Englewood, CO",Link,Individual Contributor - People Analytics Roles
4/8,USA,Principal HR Specialist,Audible,"Seattle, WA",Link,Individual Contributor - People Analytics Roles
4/8,USA,"Principal, HR Digital Transformation",Blue Origin,"Seattle, WA",Link,Individual Contributor - People Analytics Roles
4/8,USA,Senior HC Data Analyst,"Bluemont Technology & Research, Inc.","Bethesda, MD",Link,Individual Contributor - People Analytics Roles
4/8,USA,Workforce Planning & Development,BOEING,"San Antonio, TX",Link,Individual Contributor - People Analytics Roles
4/8,USA,HR Technology & Business Analyst,Boston Scientific Corporation,"Arden Hills, MN",Link,Individual Contributor - People Analytics Roles
4/8,USA,"People Systems, Data & Rewards, Analyst",Brookfield Residential,"Costa Mesa, CA",Link,Individual Contributor - People Analytics Roles
4/8,USA,"HRBP, People Analytics and Reporting",Brown Brothers Harriman,"Jersey City, NJ",Link,Individual Contributor - People Analytics Roles
4/8,USA,Global HR Analytics & Insights Analyst,Carnival Corporation,"Miami, FL",Link,Individual Contributor - People Analytics Roles
4/8,USA,"Analyst, Talent Assessment & Analytics",Chicago Transit Authority,"Chicago, IL",Link,Individual Contributor - People Analytics Roles
4/8,USA,"Specialist, Talent Assessment and Analytics",Chicago Transit Authority,"Chicago, IL",Link,Individual Contributor - People Analytics Roles
4/8,USA,"Lead Analyst, People Data",Chipotle,Remote,Link,Individual Contributor - People Analytics Roles
4/8,USA,Human Resources Tech/Analyst,"City of Albany, CA","Albany, CA",Link,Individual Contributor - People Analytics Roles
4/8,USA,People Data Analyst,Coinbase,Remote,Link,Individual Contributor - People Analytics Roles
4/8,USA,Business Intelligence Analyst,Commure + Athelas,"Mountain View, CA",Link,Individual Contributor - People Analytics Roles
4/8,USA,HR Analyst,Commure + Athelas,"San Francisco, CA",Link,Individual Contributor - People Analytics Roles
4/8,USA,Senior HR Analytics & Data Strategist,Cook County Offices Under the President,"Chicago, IL",Link,Individual Contributor - People Analytics Roles
4/8,USA,"Analyst, People Data & Governance",CSX,United States,Link,Individual Contributor - People Analytics Roles
4/8,USA,"HC Data Analyst, JM - Senior",DarkStar Intelligence LLC,"Bethesda, MD",Link,Individual Contributor - People Analytics Roles
4/8,USA,"Analyst II, Talent Management","Disa Global Solutions, Inc.",Remote,Link,Individual Contributor - People Analytics Roles
4/8,USA,Workday Reporting Analyst,Driven Brands,"Charlotte, NC",Link,Individual Contributor - People Analytics Roles
4/8,USA,People Data Analyst,Edward Rose & Sons,"Bloomfield, MI",Link,Individual Contributor - People Analytics Roles
4/8,USA,Senior Analytics Consultant,Equifax,"St. Louis, MO",Link,Individual Contributor - People Analytics Roles
4/8,USA,Senior Compensation Analyst,Equinix,"Frisco, TX",Link,Individual Contributor - People Analytics Roles
4/8,USA,"Senior Analyst, People Analytics (Workday)",Essex Property Trust,"Irvine, CA",Link,Individual Contributor - People Analytics Roles
4/8,USA,People Systems and Projects Specialist,Flagship Pioneering,"Cambridge, MA",Link,Individual Contributor - People Analytics Roles
4/8,USA,Workday HCM & HR Data Analyst,Flexential Corp,"Charlotte, NC",Link,Individual Contributor - People Analytics Roles
4/8,USA,Human Resources Analyst,Focus on the Family,"Colorado Springs, CO",Link,Individual Contributor - People Analytics Roles
4/8,USA,HR Data and Reporting Specialist,Fortrex,"Dunwoody, GA",Link,Individual Contributor - People Analytics Roles
4/8,USA,Human Capital Consultant/Senior Consultant,Freshfields Bruckhaus Deringer LLP,"New York, NY",Link,Individual Contributor - People Analytics Roles
4/8,USA,Sr P&C Analyst - Workday Reporting & Analytics,GEHA,Remote,Link,Individual Contributor - People Analytics Roles
4/8,USA,Learning Strategy Systems Analytics Analyst II,GEICO,"Chevy Chase, MD",Link,Individual Contributor - People Analytics Roles
4/8,USA,Global HR Analytics & Insights Analyst,Holland America Line Inc,"Miami, FL",Link,Individual Contributor - People Analytics Roles
4/8,USA,Senior Workforce Productivity Analyst,Hospital Sisters Health System,"Springfield, IL",Link,Individual Contributor - People Analytics Roles
4/8,USA,Performance Analyst,Husch Blackwell,"Austin, TX",Link,Individual Contributor - People Analytics Roles
4/8,USA,Human Resources Analyst,Ideal English School,"Orlando, FL",Link,Individual Contributor - People Analytics Roles
4/8,USA,Senior Analyst-People Data Analytics,Inspire Brands,"Atlanta, GA",Link,Individual Contributor - People Analytics Roles
4/8,USA,HR Workforce Planning & Systems Analyst,Interactive Resources Ir,"Jacksonville, FL",Link,Individual Contributor - People Analytics Roles
4/8,USA,HR Data Governance Lead,interaslabs,Pennsylvania,Link,Individual Contributor - People Analytics Roles
4/8,USA,Senior People Systems Analyst -Workday,Intercom,"Chicago, IL",Link,Individual Contributor - People Analytics Roles
4/8,USA,HR Analyst - Janus,Janus International Group,"Temple, GA",Link,Individual Contributor - People Analytics Roles
4/8,USA,Compensation Analytics & Insights Associate,JPMorganChase,"Plano, TX",Link,Individual Contributor - People Analytics Roles
4/8,USA,Senior Workforce Analyst,KAPS Solutions,"Springfield, VA",Link,Individual Contributor - People Analytics Roles
4/8,USA,"ANALYST, HUMAN RESOURCE",Kent Corporation,"Muscatine, IA",Link,Individual Contributor - People Analytics Roles
4/8,USA,Talent Operations Specialist,Key Energy Services,"Houston, TX",Link,Individual Contributor - People Analytics Roles
4/8,USA,People Systems Senior Data Analyst,King's Hawaiian,"Torrance, CA",Link,Individual Contributor - People Analytics Roles
4/8,USA,People Analytics & Compensation Specialist,Kipu Health,United States,Link,Individual Contributor - People Analytics Roles
4/8,USA,HR Data & Reporting Analyst 5,Lam Research,"Tualatin, OR",Link,Individual Contributor - People Analytics Roles
4/8,USA,Sr. HR Systems Analyst,Legal & General America,"Frederick, MD",Link,Individual Contributor - People Analytics Roles
4/8,USA,"Sr. Analyst, Workforce Management",Luxottica (LoA Corporate),"Manhattan, NY",Link,Individual Contributor - People Analytics Roles
4/8,USA,Workday Compensation & Performance Lead,Lyft,"San Francisco, CA",Link,Individual Contributor - People Analytics Roles
4/8,USA,Global Compensation Program Manager,Marvell,"Santa Clara, CA",Link,Individual Contributor - People Analytics Roles
4/8,USA,Analytics Advisor - HR People Analytics,Mayo Clinic,"Rochester, MN",Link,Individual Contributor - People Analytics Roles
4/8,USA,HR Data Analyst,"McCourt Global, Inc.","New York, NY",Link,Individual Contributor - People Analytics Roles
4/8,USA,"Program Manager, Workforce Planning",Meta,"Seattle, WA",Link,Individual Contributor - People Analytics Roles
4/8,USA,HR Compensation & Analytics Officer,Metropolitan Commercial Bank,"New York, NY",Link,Individual Contributor - People Analytics Roles
4/8,USA,Data Analyst - HR Systems,Morgan Properties,"Conshohocken, PA",Link,Individual Contributor - People Analytics Roles
4/8,USA,People Analytics Analyst,Nestlé USA,"Arlington, VA",Link,Individual Contributor - People Analytics Roles
4/8,USA,"Technical Solutions Lead, Talent Analytics",Netflix,"Los Gatos, CA",Link,Individual Contributor - People Analytics Roles
4/8,USA,Data Visualization Designer,New York Life Insurance Co,"New York, NY",Link,Individual Contributor - People Analytics Roles
4/8,USA,Workforce Planning Analyst,Nintendo,"Redmond, WA",Link,Individual Contributor - People Analytics Roles
4/8,USA,Sr Compensation Analyst,Northwestern Mutual,"Milwaukee, WI",Link,Individual Contributor - People Analytics Roles
4/8,USA,Compensation Analyst,Ocean Network Express,"Richmond, VA",Link,Individual Contributor - People Analytics Roles
4/8,USA,HR Analyst,OFI,"Fresno, CA",Link,Individual Contributor - People Analytics Roles
4/8,USA,People Analytics Analyst,Okta,"Bellevue, WA",Link,Individual Contributor - People Analytics Roles
4/8,USA,HR Data Insights Analyst,Panda Restaurant Group,"Rosemead, CA",Link,Individual Contributor - People Analytics Roles
4/8,USA,"Senior Consultant, Strategic Decision Support- People Analytics",Penn Medicine,"Philadelphia, PA",Link,Individual Contributor - People Analytics Roles
4/8,USA,HR Analytics Senior Analyst,Pennymac,"Westlake Village, CA",Link,Individual Contributor - People Analytics Roles
4/8,USA,HR Data Analyst,Peraton,"McLean, VA",Link,Individual Contributor - People Analytics Roles
4/8,USA,Temporary HR Data Specialist,POLITICO LLC,"Arlington,Virginia",Link,Individual Contributor - People Analytics Roles
4/8,USA,HR Operations Analyst,"PowerPlan, Inc","Atlanta, GA",Link,Individual Contributor - People Analytics Roles
4/8,USA,HR Analytics Analyst,Princess Cruises,"Fort Lauderdale, FL",Link,Individual Contributor - People Analytics Roles
4/8,USA,Human Capital Data Analyst,QualX Corporation,"Bethesda, MD",Link,Individual Contributor - People Analytics Roles
4/8,USA,Senior People Operations & Workforce Planning Analyst,Rapid7,"Boston, MA",Link,Individual Contributor - People Analytics Roles
4/8,USA,"Analyst, People Analytics",Royal Caribbean Group,"Miami, FL",Link,Individual Contributor - People Analytics Roles
4/8,USA,Senior Analyst – Human Resources,S&P Global,"Boston, MA",Link,Individual Contributor - People Analytics Roles
4/8,USA,Workforce Analytics Analyst,Saint Luke's,"Kansas City, MO",Link,Individual Contributor - People Analytics Roles
4/8,USA,Workforce Analyst,Samsung Electronics,"Newberry, SC",Link,Individual Contributor - People Analytics Roles
4/8,USA,SR HR Data Analyst,Simmons Prepared Foods Inc,"Siloam Springs, AR",Link,Individual Contributor - People Analytics Roles
4/8,USA,"Senior Analyst, People Analytics",Spencer Stuart,"Chicago, IL",Link,Individual Contributor - People Analytics Roles
4/8,USA,Senior People Data and Insights Analyst,StackAdapt,United States,Link,Individual Contributor - People Analytics Roles
4/8,USA,HR Analyst,Stone Alliance Group,"Hartford, CT",Link,Individual Contributor - People Analytics Roles
4/8,USA,Sr. SAP SuccessFactors Functional Analyst,TBC Corporation,"Palm Beach Gardens, FL",Link,Individual Contributor - People Analytics Roles
4/8,USA,Sr. Organization Design & Skills Lead,The Pokémon Company International,"Bellevue, WA",Link,Individual Contributor - People Analytics Roles
4/8,USA,"Sr. Consultant, People Analytics",Thermo Fisher Scientific,Pennsylvania,Link,Individual Contributor - People Analytics Roles
4/8,USA,Sr. Analyst Workforce Planning,TIAA,"Charlotte, NC",Link,Individual Contributor - People Analytics Roles
4/8,USA,Senior Talent Management Analyst,TJX Companies,"Framingham, MA",Link,Individual Contributor - People Analytics Roles
4/8,USA,Lead Workforce Management Strategist,UCLA,"Los Angeles, CA",Link,Individual Contributor - People Analytics Roles
4/8,USA,Senior HR Operations Specialist,United Vein & Vascular Centers,"Tampa, FL",Link,Individual Contributor - People Analytics Roles
4/8,USA,HR Reporting Specialist,United Wholesale Mortgage,"Pontiac, MI",Link,Individual Contributor - People Analytics Roles
4/8,USA,Talent Reporting and Analytics Lead,Upwork,"Watsonville, CA",Link,Individual Contributor - People Analytics Roles
4/8,USA,HR Analyst,Vallarta Supermarkets,Santa Clarita,Link,Individual Contributor - People Analytics Roles
4/8,USA,Workday Report Developer,Vrtek Consulting,Remote,Link,Individual Contributor - People Analytics Roles
4/8,USA,Compensation - HRIT Analyst,Wahl Clipper Corporation,"Sterling, IL",Link,Individual Contributor - People Analytics Roles
4/8,USA,HR Data Audit Lead,Washington University in St Louis,"University City, MO",Link,Individual Contributor - People Analytics Roles
4/8,USA,Senior HR Data Analyst,Wayne State University,"Detroit, MI",Link,Individual Contributor - People Analytics Roles
4/8,USA,HR Insights Senior Analyst,Westfield Insurance,"Westfield Center, OH",Link,Individual Contributor - People Analytics Roles
4/8,USA,Senior HR Reporting Analyst,Whole Foods Market,"Austin, TX",Link,Individual Contributor - People Analytics Roles
4/8,USA,Performance Analyst,Wing,"Palo Alto, CA",Link,Individual Contributor - People Analytics Roles
4/8,USA,"Principal, People Insights & Ex Program Manager",Workday,"Atlanta, GA",Link,Individual Contributor - People Analytics Roles
4/8,USA,HR Transformation & PMO lead,World Bank Group,"Washington, DC",Link,Individual Contributor - People Analytics Roles
4/8,USA,"Sr. Associate, Talent Analytics",WTW,"Chicago, IL",Link,Individual Contributor - People Analytics Roles
4/8,USA,Senior HR Systems Analyst,Zachary Piper LLC,"Frederick, MD",Link,Individual Contributor - People Analytics Roles
4/8,UK,Sr People Analytics,Abnormal Security,United States,Link,Individual Contributor - People Analytics Roles
4/8,UK,"Analyst Business People Insights, Risk & Compliance",Ahold Delhaize,Carlisle,Link,Individual Contributor - People Analytics Roles
4/8,UK,Human Capital Analyst,Apollo,London,Link,Individual Contributor - People Analytics Roles
4/8,UK,HR Data Analyst,BAE Systems,"Rochester, NY",Link,Individual Contributor - People Analytics Roles
4/8,UK,HR Systems and Data Administrator,Bell Integration,London,Link,Individual Contributor - People Analytics Roles
4/8,UK,Senior Talent Specialist,Boehringer Ingelheim Ltd.,Bracknell Forest,Link,Individual Contributor - People Analytics Roles
4/8,UK,Head of People Analytics and Systems,Central London Community Healthcare NHS Trust,London,Link,Individual Contributor - People Analytics Roles
4/8,UK,Human Capital Workforce Planning Associate,Citi,London,Link,Individual Contributor - People Analytics Roles
4/8,UK,Workforce Reporting Analyst,First Central Services,Haywards Heath,Link,Individual Contributor - People Analytics Roles
4/8,UK,People Insights Lead Analyst,II-VI,Glasgow,Link,Individual Contributor - People Analytics Roles
4/8,UK,EMEA DEI Analyst,"Jefferies & Company, Inc.",London,Link,Individual Contributor - People Analytics Roles
4/8,UK,Senior People Insights Analyst,Just Eat Takeaway.com,London,Link,Individual Contributor - People Analytics Roles
4/8,UK,Human Capital People Analytics – Senior Analytics Business Partner,KKR,"New York, NY",Link,Individual Contributor - People Analytics Roles
4/8,UK,HR Platforms Systems Analyst,Merlin Entertainments,Poole,Link,Individual Contributor - People Analytics Roles
4/8,UK,People Analytics Consultant,Phoenix Group,London,Link,Individual Contributor - People Analytics Roles
4/8,UK,"Sr Analyst, Workforce Planners",Royal Caribbean Group,Weybridge,Link,Individual Contributor - People Analytics Roles
4/8,UK,People Data & Insight Analyst,RSA,Liverpool,Link,Individual Contributor - People Analytics Roles
4/8,CAN,Analyst of Workforce Planning,Backstage,Montreal-nord,Link,Individual Contributor - People Analytics Roles
4/8,CAN,"People Data & Analytics, Specialist",Brookfield Residential,"Calgary, AB",Link,Individual Contributor - People Analytics Roles
4/8,CAN,HR Technology Specialist,CAE Inc.,"Saint-Laurent, QC",Link,Individual Contributor - People Analytics Roles
4/8,CAN,Report Writer (People & Culture),CBC/Radio-Canada,"Ottawa, ON",Link,Individual Contributor - People Analytics Roles
4/8,CAN,Workforce Planning Analyst,City of Calgary,"Calgary, AB",Link,Individual Contributor - People Analytics Roles
4/8,CAN,Workforce Planning Specialist,City of Windsor,"Windsor, ON",Link,Individual Contributor - People Analytics Roles
4/8,CAN,"Sr. Planner, Workforce Planning",Coca-Cola Canada Bottling Limited,"Brampton, ON",Link,Individual Contributor - People Analytics Roles
4/8,CAN,"Reporting Analyst, WRO",Four Seasons,"Toronto, ON",Link,Individual Contributor - People Analytics Roles
4/8,CAN,"Workforce Analyst, People & Experiences",Hiram Walker & Sons Ltd.,"Windsor, ON",Link,Individual Contributor - People Analytics Roles
4/8,CAN,"Analyst, Workforce (People) Analytics",Municipal Property Assessment Corp,"Pickering, ON",Link,Individual Contributor - People Analytics Roles
4/8,CAN,Total Rewards Analyst,QuadReal,"Toronto, ON",Link,Individual Contributor - People Analytics Roles
4/8,CAN,Workforce Planning Analyst,Reliance Home Comfort,"Cambridge, ON",Link,Individual Contributor - People Analytics Roles
4/8,CAN,Talent Intelligence Analyst,Servus Credit Union,"Edmonton, AB",Link,Individual Contributor - People Analytics Roles
4/8,CAN,Senior People Data and Insights Analyst,StackAdapt,Canada,Link,Individual Contributor - People Analytics Roles
4/8,CAN,"Senior Analyst, HR Reporting",Vancouver City Savings Credit Union,"Vancouver, BC",Link,Individual Contributor - People Analytics Roles
4/8,AUS,"Sr. Specialist, Comp and Benefits and HR Analytics",Acciona,Melbourne VIC,Link,Individual Contributor - People Analytics Roles
4/8,AUS,Strategic Workforce Planning Lead,Allianz Australia,Sydney,Link,Individual Contributor - People Analytics Roles
4/8,AUS,Workforce Planning Officer,Australian Government,Campbell ACT,Link,Individual Contributor - People Analytics Roles
4/8,AUS,People Data & Reporting Analyst,Auto & General Holdings,Toowong QLD,Link,Individual Contributor - People Analytics Roles
4/8,AUS,People Data Senior Analyst,Axsys,Melbourne VIC,Link,Individual Contributor - People Analytics Roles
4/8,AUS,Strategic Workforce Planning Analyst,Bank of Queensland,Sydney NSW,Link,Individual Contributor - People Analytics Roles
4/8,AUS,Workforce Planning Officer,Calvary,Greater Adelaide SA,Link,Individual Contributor - People Analytics Roles
4/8,AUS,HR Data Analyst,Compass Group Australia,North Sydney NSW,Link,Individual Contributor - People Analytics Roles
4/8,AUS,Senior Human Resources Officer,Department of Finance,Canberra ACT,Link,Individual Contributor - People Analytics Roles
4/8,AUS,Workforce Planning Business Partner,Downer Group,Perth WA,Link,Individual Contributor - People Analytics Roles
4/8,AUS,Rem & Reporting Manager,Goodman Fielder,Sydney NSW,Link,Individual Contributor - People Analytics Roles
4/8,AUS,"Senior Consultant, People Systems and Insights",Greater Western Water,Footscray VIC,Link,Individual Contributor - People Analytics Roles
4/8,AUS,Head of Org Development & SWFP,HammondCare,St Leonards NSW,Link,Individual Contributor - People Analytics Roles
4/8,AUS,Workforce Planning Scheduler,Macquarie Group Limited,Sydney NSW,Link,Individual Contributor - People Analytics Roles
4/8,AUS,People Data Senior Analyst,MYOB,Melbourne VIC,Link,Individual Contributor - People Analytics Roles
4/8,AUS,PX Data & Insights Analyst,PEXA Group,Australia,Link,Individual Contributor - People Analytics Roles
4/8,AUS,Workforce Planning and Reporting Lead,PEXA Group,Melbourne VIC,Link,Individual Contributor - People Analytics Roles
4/8,AUS,Senior Advisor (Workforce Planning and Design),Queensland Government,Rockhampton QLD,Link,Individual Contributor - People Analytics Roles
4/8,AUS,Senior Analyst,Queensland Government,Brisbane QLD,Link,Individual Contributor - People Analytics Roles
4/8,AUS,Workforce Planning Officer,Queensland Government,Cairns QLD,Link,Individual Contributor - People Analytics Roles
4/8,AUS,Workforce Analyst,Queensland University of Technology,Brisbane,Link,Individual Contributor - People Analytics Roles
4/8,AUS,Principal People Analytics Partner,Rio Tinto,Brisbane QLD,Link,Individual Contributor - People Analytics Roles
3/10,USA,"Workforce Analyst, Member Services",AAA Life Insurance Company,"Omaha, NE",Link,Individual Contributor - People Analytics Roles
3/10,USA,HR Analyst,ACROBIOSYSTEMS INC,"San Diego, CA",Link,Individual Contributor - People Analytics Roles
3/10,USA,"Business Intelligence Engineer, ITA",Amazon.com,"Dallas, TX",Link,Individual Contributor - People Analytics Roles
3/10,USA,"Data Scientist, Intelligent Talent Acquisition",Amazon.com,"Dallas, TX",Link,Individual Contributor - People Analytics Roles
3/10,USA,"Principal Technical Program Manager, ITA",Amazon.com,Multiple,Link,Individual Contributor - People Analytics Roles
3/10,USA,"Research Scientist, Global Hiring Science (GHS)",Amazon.com,Arlington,Link,Individual Contributor - People Analytics Roles
3/10,USA,Senior Workforce Planning Strategist,Amazon.com,"Arlington, VA",Link,Individual Contributor - People Analytics Roles
3/10,USA,"Sr. Technical Program Manager, ITA",Amazon.com,Multiple,Link,Individual Contributor - People Analytics Roles
3/10,USA,Senior Analyst - HR Reporting,Ascension,Remote,Link,Individual Contributor - People Analytics Roles
3/10,USA,Senior Data Analyst – Human Resources,Blue Origin,"Seattle, WA",Link,Individual Contributor - People Analytics Roles
3/10,USA,Workforce Planning Workday Senior Consultant,CEDENT,"Bridgewater, NJ",Link,Individual Contributor - People Analytics Roles
3/10,USA,People Analytics Strategy Associate,Charlie Health,"New York, NY",Link,Individual Contributor - People Analytics Roles
3/10,USA,"Lead, People Analytics & Programs",Cityblock Health,United States,Link,Individual Contributor - People Analytics Roles
3/10,USA,Workforce Planning Specialist,Deloitte,"Honolulu, HI",Link,Individual Contributor - People Analytics Roles
3/10,USA,HR Technology & Reporting Analyst,DLA Piper,"Palo Alto, CA",Link,Individual Contributor - People Analytics Roles
3/10,USA,Business Intelligence Analyst,Ellucian,"Reston, VA",Link,Individual Contributor - People Analytics Roles
3/10,USA,People Analyst,Formlabs,"Somerville, MA",Link,Individual Contributor - People Analytics Roles
3/10,USA,"Senior Planner, Strategic Workforce Planning",GEICO,"Richardson, TX",Link,Individual Contributor - People Analytics Roles
3/10,USA,People Analytics Solutions Lead,General Motors,United States,Link,Individual Contributor - People Analytics Roles
3/10,USA,HR Strategy Analyst,Grifols,"Durham, NC",Link,Individual Contributor - People Analytics Roles
3/10,USA,Financial Analyst II - Risk & HR Analytics,H-E-B,"San Antonio, TX",Link,Individual Contributor - People Analytics Roles
3/10,USA,"Analyst, Human Resources",Hyundai Mobis,"Savannah, GA",Link,Individual Contributor - People Analytics Roles
3/10,USA,"Workforce Planning Data Analyst, Vice President",JPMorganChase,"Columbus, OH",Link,Individual Contributor - People Analytics Roles
3/10,USA,Data Analyst,Kentro,"Reston, VA",Link,Individual Contributor - People Analytics Roles
3/10,USA,Analytics Manager – HR and Talent Acquisition,NA Partners in Anesthesia,"Sunrise, FL",Link,Individual Contributor - People Analytics Roles
3/10,USA,HR Program Manager,NICE Systems,"Hoboken, NJ",Link,Individual Contributor - People Analytics Roles
3/10,USA,Workforce Planning Analyst,Northwell Health,"Lake Success, NY",Link,Individual Contributor - People Analytics Roles
3/10,USA,Talent Attraction and Engagement Analyst,Pacific Life,"Newport Beach, CA",Link,Individual Contributor - People Analytics Roles
3/10,USA,"Senior People Scientist, Insights and Analytics",Palo Alto Networks,"Santa Clara, CA",Link,Individual Contributor - People Analytics Roles
3/10,USA,"Sr Analyst, People Analytics",Petco,"Austin, TX",Link,Individual Contributor - People Analytics Roles
3/10,USA,Workforce Analytics Specialist,PMA Companies,"Blue Bell, PA",Link,Individual Contributor - People Analytics Roles
3/10,USA,Workforce Transformation - People Analytics,PWC,Various,Link,Individual Contributor - People Analytics Roles
3/10,USA,"Senior Analyst, Compensation & Talent Analytics",Simpson Thacher & Bartlett LLP,"New York, NY",Link,Individual Contributor - People Analytics Roles
3/10,USA,HR Operations Analyst,Stellantis Financial Services US,"Atlanta, GA",Link,Individual Contributor - People Analytics Roles
3/10,USA,HR Reporting Analyst,Summa,"Houston, TX",Link,Individual Contributor - People Analytics Roles
3/10,USA,Senior People Scientist,"T-Mobile USA, Inc",Various,Link,Individual Contributor - People Analytics Roles
3/10,USA,Staff Business Intelligence Analyst,The Trade Desk,"Irvine, CA",Link,Individual Contributor - People Analytics Roles
3/10,USA,"Senior Analyst, People Analytics",thredUP Inc,"Scottsdale, AZ",Link,Individual Contributor - People Analytics Roles
3/10,USA,"Senior, Data Analyst",Walmart,"Bentonville, AR",Link,Individual Contributor - People Analytics Roles
3/10,UK,Intelligent People Operations (IPO) Leader,Capgemini,London,Link,Individual Contributor - People Analytics Roles
3/10,UK,Senior Reward Analyst,CBRE,London,Link,Individual Contributor - People Analytics Roles
3/10,UK,Analyst - Business & People Analytics,Howden Group Holdings,London,Link,Individual Contributor - People Analytics Roles
3/10,UK,Forecast Analyst - Workforce Planning,JPMorganChase,Edinburgh,Link,Individual Contributor - People Analytics Roles
3/10,UK,People Systems,Mott MacDonald,Newcastle,Link,Individual Contributor - People Analytics Roles
3/10,UK,Senior People Analyst,Ontic,Staverton,Link,Individual Contributor - People Analytics Roles
3/10,CAN,"Applied Scientist, Workforce Intelligence",Amazon.com,Vancouver,Link,Individual Contributor - People Analytics Roles
3/10,CAN,"HR Analyst, Pensions",Emera Inc,"Halifax, NS",Link,Individual Contributor - People Analytics Roles
3/10,CAN,HR Analyst,First West Credit Union,"Langley, BC",Link,Individual Contributor - People Analytics Roles
3/10,CAN,MAC Workforce Analyst,First West Credit Union,"Langley, BC",Link,Individual Contributor - People Analytics Roles
3/10,CAN,HR Data Lake Business Analyst,Morgan Stanley,"Montréal, QC",Link,Individual Contributor - People Analytics Roles
3/10,CAN,People Analytics Reporting Specialist,Morgan Stanley,"Montréal, QC",Link,Individual Contributor - People Analytics Roles
2/10,USA,Senior People Analytics Analyst,Audible,"Newark, NJ",Link,Individual Contributor - People Analytics Roles
2/10,USA,People Development & Experience Analyst,Bradesco Bank,"Coral Gables, FL",Link,Individual Contributor - People Analytics Roles
2/10,USA,Human Resources Analytics Consultant,BranSafeway,"Atlanta, GA",Link,Individual Contributor - People Analytics Roles
2/10,USA,Sr People Analytics and Reporting Analyst,Children’s Hospital of Chicago,"Chicago, IL",Link,Individual Contributor - People Analytics Roles
2/10,USA,Sr HR Insights Analyst,Compeer Financial,"Lakeville, MN",Link,Individual Contributor - People Analytics Roles
2/10,USA,Compensation Analyst,"Crown Cork & Seal USA, Inc.","Tampa, FL",Link,Individual Contributor - People Analytics Roles
2/10,USA,Business Intelligence (BI) Analyst,Dept of Health,"Queens, NY",Link,Individual Contributor - People Analytics Roles
2/10,USA,"HR Data & Analytics, Vice President",JPMorganChase,"Plano, TX",Link,Individual Contributor - People Analytics Roles
2/10,USA,Sr Data Analyst - HR Analytics,Komatsu,"Milwaukee, WI",Link,Individual Contributor - People Analytics Roles
2/10,USA,Workforce Analyst,LA28,"Los Angeles, CA",Link,Individual Contributor - People Analytics Roles
2/10,USA,Senior People Data and Analytics Analyst,Marvin,"Eagan, MN",Link,Individual Contributor - People Analytics Roles
2/10,USA,HR Personnel Management Analyst,Mb Solutions Inc.,"Fort Drum, NY",Link,Individual Contributor - People Analytics Roles
2/10,USA,People Analytics Lead - North America,Mondelēz International,"Chicago, IL",Link,Individual Contributor - People Analytics Roles
2/10,USA,"Principal Researcher, Talent Analytics",Netflix,"Los Angeles, CA",Link,Individual Contributor - People Analytics Roles
2/10,USA,"Senior Analyst, People Analytics",Okta,"Chicago, IL",Link,Individual Contributor - People Analytics Roles
2/10,USA,Sr. Workforce Planning Consultant,"T-Mobile USA, Inc.",Various,Link,Individual Contributor - People Analytics Roles
2/10,UK,HR Data Assistant,Churchill Group,Gateshead,Link,Individual Contributor - People Analytics Roles
2/10,UK,Workforce Planning Specialist,Haleon,London,Link,Individual Contributor - People Analytics Roles
2/10,CAN,"People & Culture - Analyst, Workforce Planning",Aritzia,"Vancouver, BC",Link,Individual Contributor - People Analytics Roles
2/10,CAN,HR Data Analyst,Midland Transport,"Dieppe, NB",Link,Individual Contributor - People Analytics Roles
1/13,USA,"Sr. Data Scientist, People Analytics",Adobe,"San Jose, CA",Link,Individual Contributor - People Analytics Roles
1/13,USA,People Analytics Specialist,Bloomberg,"New York, NY",Link,Individual Contributor - People Analytics Roles
1/13,USA,HR Analyst,Department of City Planning,"Manhattan, NY",Link,Individual Contributor - People Analytics Roles
1/13,USA,HR Analyst,Teachers Federal Credit Union,"Hauppauge, NY",Link,Individual Contributor - People Analytics Roles
1/13,USA,Sr. People Operations/Compensation Analyst,Wealthfront,"Palo Alto, CA",Link,Individual Contributor - People Analytics Roles
1/13,UK,Strategic Workforce Planning & Acquisition Lead,Astellas Pharma Europe,Addlestone,Link,Individual Contributor - People Analytics Roles
1/13,UK,HR Data Analyst,Twinkl,Sheffield,Link,Individual Contributor - People Analytics Roles
1/13,CAN,Proj Lead Workforce Planning & Talent Strategy,Ontario Centre of Innovation,"Toronto, ON",Link,Individual Contributor - People Analytics Roles
12/16,USA,HR Data Advisor,Koch,"Atlanta, GA",Link,Individual Contributor - People Analytics Roles
12/16,USA,Sr. Data Analyst,Leidos,"Bethesda, MD",Link,Individual Contributor - People Analytics Roles
12/16,CAN,Workforce Analytics Reporting Consultant,Software International,"Toronto, ON",Link,Individual Contributor - People Analytics Roles
11/26,USA,"Sr. Business Analyst, People Analytics",Amazon.com,"Seattle, WA",Link,Individual Contributor - People Analytics Roles
11/26,USA,"Senior Diversity, Equity and Inclusion Analyst","Vizient, Inc.","Irving, TX",Link,Individual Contributor - People Analytics Roles
11/26,UK,Reward and HR MI Analyst,Acteon Group Ltd.,London,Link,Individual Contributor - People Analytics Roles
11/4,USA,Sr. People Analytics Business Partner,Adobe,"San Jose, CA",Link,Individual Contributor - People Analytics Roles
11/4,USA,Workforce Planning Specialist,TAA Solutions LLC,"Alexandria, VA",Link,Individual Contributor - People Analytics Roles
11/4,USA,People Analytics Researcher,Trusted Wealth,Remote,Link,Individual Contributor - People Analytics Roles
4/8,USA,HRIS Analyst,Altaone Federal Credit Union,"Ridgecrest, CA",Link,"Use judgement, but if you're looking for an IC role in People Analytics, don't make the mistake of glossing over these titles."
4/8,USA,SR HRIS ANALYST,Apis Services Inc,"Township of Brick, NJ",Link,"Use judgement, but if you're looking for an IC role in People Analytics, don't make the mistake of glossing over these titles."
4/8,USA,Lead Workday HRIS Analyst,"Apogee Enterprises, Inc.","Minneapolis, MN",Link,"Use judgement, but if you're looking for an IC role in People Analytics, don't make the mistake of glossing over these titles."
4/8,USA,HRIS Analyst,Care New England,"Pawtucket, RI",Link,"Use judgement, but if you're looking for an IC role in People Analytics, don't make the mistake of glossing over these titles."
4/8,USA,HRIS Analyst,Champion Home Builders,"Troy, MI",Link,"Use judgement, but if you're looking for an IC role in People Analytics, don't make the mistake of glossing over these titles."
4/8,USA,Sr HRIS Analyst,Collinson,"Kanosh, UT",Link,"Use judgement, but if you're looking for an IC role in People Analytics, don't make the mistake of glossing over these titles."
4/8,USA,HRIS Analyst,Entrata,"Lehi, UT",Link,"Use judgement, but if you're looking for an IC role in People Analytics, don't make the mistake of glossing over these titles."
4/8,USA,Senior HRIS Analyst,Eye Care Partners Career Opportunities,"Ballwin, MO",Link,"Use judgement, but if you're looking for an IC role in People Analytics, don't make the mistake of glossing over these titles."
4/8,USA,HRIS Analyst,Heinens Inc,"Warrensville, OH",Link,"Use judgement, but if you're looking for an IC role in People Analytics, don't make the mistake of glossing over these titles."
4/8,USA,HRIS Specialist,Kyriba,United States,Link,"Use judgement, but if you're looking for an IC role in People Analytics, don't make the mistake of glossing over these titles."
4/8,USA,Sr. HRIS Analyst,Mindbody,Remote,Link,"Use judgement, but if you're looking for an IC role in People Analytics, don't make the mistake of glossing over these titles."
4/8,USA,"Analyst, HRIS Data & Reporting",MSC Industrial Supply Co.,"Davidson, NC",Link,"Use judgement, but if you're looking for an IC role in People Analytics, don't make the mistake of glossing over these titles."
4/8,USA,HRIS & HR Specialist,Open Sky Education,"Waukesha,WI",Link,"Use judgement, but if you're looking for an IC role in People Analytics, don't make the mistake of glossing over these titles."
4/8,USA,HRIS Director,Related,"New York, NY",Link,"Use judgement, but if you're looking for an IC role in People Analytics, don't make the mistake of glossing over these titles."
4/8,USA,HRIS & Payroll Lead,"Rhoads Industries, Inc","Philadelphia, PA",Link,"Use judgement, but if you're looking for an IC role in People Analytics, don't make the mistake of glossing over these titles."
4/8,USA,Sr. HRIS Analyst,San Manuel Band of Mission Indians,"Highland, CA",Link,"Use judgement, but if you're looking for an IC role in People Analytics, don't make the mistake of glossing over these titles."
4/8,USA,HRIS Analyst I,SSP,"Ashburn, VA",Link,"Use judgement, but if you're looking for an IC role in People Analytics, don't make the mistake of glossing over these titles."
4/8,USA,HRIS Analyst,"Systems Planning and Analysis, Inc.","Alexandria, VA",Link,"Use judgement, but if you're looking for an IC role in People Analytics, don't make the mistake of glossing over these titles."
4/8,USA,"Analyst, HRIS",Venture Global LNG,"Arlington, VA",Link,"Use judgement, but if you're looking for an IC role in People Analytics, don't make the mistake of glossing over these titles."
4/8,UK,Sr. HRIS Analyst,Collinson,United Kingdom,Link,"Use judgement, but if you're looking for an IC role in People Analytics, don't make the mistake of glossing over these titles."
4/8,UK,HRIS Specialist I,Core Lab,Aberdeen,Link,"Use judgement, but if you're looking for an IC role in People Analytics, don't make the mistake of glossing over these titles."
4/8,UK,HRIS Analyst,Michael Kors,London,Link,"Use judgement, but if you're looking for an IC role in People Analytics, don't make the mistake of glossing over these titles."
4/8,CAN,HRIS Analyst,Capilano University,"North Vancouver, BC",Link,"Use judgement, but if you're looking for an IC role in People Analytics, don't make the mistake of glossing over these titles."
4/8,CAN,HRIS Data Analyst,Giant Tiger,"Ottawa, ON",Link,"Use judgement, but if you're looking for an IC role in People Analytics, don't make the mistake of glossing over these titles."
3/10,USA,Sr. HRIS Analyst,Accredo Packaging,"Sugar Land, TX",Link,"Use judgement, but if you're looking for an IC role in People Analytics, don't make the mistake of glossing over these titles."
3/10,USA,HRIS Analyst,All Roads,"Dundalk, MD",Link,"Use judgement, but if you're looking for an IC role in People Analytics, don't make the mistake of glossing over these titles."
3/10,USA,HRIS Analyst,Aventura Mall,"Aventura, FL",Link,"Use judgement, but if you're looking for an IC role in People Analytics, don't make the mistake of glossing over these titles."
3/10,USA,HRIS Analyst,bioStrategies Group,"Boston, MA",Link,"Use judgement, but if you're looking for an IC role in People Analytics, don't make the mistake of glossing over these titles."
3/10,USA,HRIS Analyst,Brown University Health,"Providence, RI",Link,"Use judgement, but if you're looking for an IC role in People Analytics, don't make the mistake of glossing over these titles."
3/10,USA,Analyst HRIS,Evident Scientific,"Waltham, MA",Link,"Use judgement, but if you're looking for an IC role in People Analytics, don't make the mistake of glossing over these titles."
3/10,USA,HRIS Analyst,Genetic Callnet Consultancy Pvt Ltd,Kissimmee,Link,"Use judgement, but if you're looking for an IC role in People Analytics, don't make the mistake of glossing over these titles."
3/10,USA,Sr. HRIS Analyst,"Group 1 Automotive, Inc.","Houston, TX",Link,"Use judgement, but if you're looking for an IC role in People Analytics, don't make the mistake of glossing over these titles."
3/10,USA,HRIS Analyst,Health Plan of San Mateo,Remote,Link,"Use judgement, but if you're looking for an IC role in People Analytics, don't make the mistake of glossing over these titles."
3/10,USA,Senior HRIS Analyst,Heidelberg Materials,"Irving, TX",Link,"Use judgement, but if you're looking for an IC role in People Analytics, don't make the mistake of glossing over these titles."
3/10,USA,Sr. HRIS Analyst,Integrity Marketing,"Dallas, TX",Link,"Use judgement, but if you're looking for an IC role in People Analytics, don't make the mistake of glossing over these titles."
3/10,USA,HRIS Analyst,iSpot.tv,"Bellevue, WA",Link,"Use judgement, but if you're looking for an IC role in People Analytics, don't make the mistake of glossing over these titles."
3/10,USA,Senior HRIS Business Analyst,Lennar,"Miami, FL",Link,"Use judgement, but if you're looking for an IC role in People Analytics, don't make the mistake of glossing over these titles."
3/10,USA,"Specialist, HRIS and Workforce Planning",Lindenwood University,"Saint Charles, MO",Link,"Use judgement, but if you're looking for an IC role in People Analytics, don't make the mistake of glossing over these titles."
3/10,USA,HRIS Analyst,Metro,"Cincinnati, OH",Link,"Use judgement, but if you're looking for an IC role in People Analytics, don't make the mistake of glossing over these titles."
3/10,USA,Business Analyst (HRIS Administrator),Ocean Blue Solutions,"Columbus, OH",Link,"Use judgement, but if you're looking for an IC role in People Analytics, don't make the mistake of glossing over these titles."
3/10,USA,Senior HRIS Analyst,"ODL, Inc.","Zeeland, MI",Link,"Use judgement, but if you're looking for an IC role in People Analytics, don't make the mistake of glossing over these titles."
3/10,USA,HRIS Analyst,Omni Hotels & Resorts,"Dallas, TX",Link,"Use judgement, but if you're looking for an IC role in People Analytics, don't make the mistake of glossing over these titles."
3/10,USA,HRIS Analyst,PODS,"Clearwater, FL",Link,"Use judgement, but if you're looking for an IC role in People Analytics, don't make the mistake of glossing over these titles."
3/10,USA,HRIS Analyst,Presbyterian Homes & Services,"Roseville, MN",Link,"Use judgement, but if you're looking for an IC role in People Analytics, don't make the mistake of glossing over these titles."
3/10,USA,Sr HRIS Analyst,Rambus,"San Jose, CA",Link,"Use judgement, but if you're looking for an IC role in People Analytics, don't make the mistake of glossing over these titles."
3/10,USA,HRIS Analyst,Redwood Credit Union,"Napa, CA",Link,"Use judgement, but if you're looking for an IC role in People Analytics, don't make the mistake of glossing over these titles."
3/10,USA,HRIS Analyst,Shopping Center Management,"Aventura, FL",Link,"Use judgement, but if you're looking for an IC role in People Analytics, don't make the mistake of glossing over these titles."
3/10,USA,Corporate - HRIS Analyst,Transforming Age,"Seattle, WA",Link,"Use judgement, but if you're looking for an IC role in People Analytics, don't make the mistake of glossing over these titles."
3/10,USA,HRIS Analyst,UF Health,"Saint Augustine, FL",Link,"Use judgement, but if you're looking for an IC role in People Analytics, don't make the mistake of glossing over these titles."
3/10,USA,HRIS Specialist,University at Albany,"Albany, NY",Link,"Use judgement, but if you're looking for an IC role in People Analytics, don't make the mistake of glossing over these titles."
3/10,USA,Senior UKG HRIS Analyst,Waterton,"Chicago, IL",Link,"Use judgement, but if you're looking for an IC role in People Analytics, don't make the mistake of glossing over these titles."
3/10,USA,Analyst Principal - HRIS (Workday),Westlake Careers,"Houston, TX",Link,"Use judgement, but if you're looking for an IC role in People Analytics, don't make the mistake of glossing over these titles."
3/10,USA,Senior HRIS Analyst,Wilson Sonsini Goodrich & Rosati,"Austin, TX",Link,"Use judgement, but if you're looking for an IC role in People Analytics, don't make the mistake of glossing over these titles."
3/10,USA,HRIS Specialist HR,Windstream,Arkansas,Link,"Use judgement, but if you're looking for an IC role in People Analytics, don't make the mistake of glossing over these titles."
3/10,CAN,Senior HRIS Lead,ADP,"Toronto, ON",Link,"Use judgement, but if you're looking for an IC role in People Analytics, don't make the mistake of glossing over these titles."
3/10,CAN,"Senior Advisor, HRIS",Alithya,"Montréal, QC",Link,"Use judgement, but if you're looking for an IC role in People Analytics, don't make the mistake of glossing over these titles."
3/10,CAN,Workday Specialist - Reporting & Analytics,Intact,"Toronto, ON",Link,"Use judgement, but if you're looking for an IC role in People Analytics, don't make the mistake of glossing over these titles."
3/10,CAN,HRIS System Analyst,Rexel Canada Electrical,"Mississauga, ON",Link,"Use judgement, but if you're looking for an IC role in People Analytics, don't make the mistake of glossing over these titles."
3/10,CAN,HRIS Analyst,Teck,"Vancouver, BC",Link,"Use judgement, but if you're looking for an IC role in People Analytics, don't make the mistake of glossing over these titles."
3/10,CAN,Total Rewards and HRIS Specialist,Volkswagen Group Canada,"Ajax, ON",Link,"Use judgement, but if you're looking for an IC role in People Analytics, don't make the mistake of glossing over these titles."
3/10,AUS,HRIS Business Analyst,Costa Group,Docklands VIC,Link,"Use judgement, but if you're looking for an IC role in People Analytics, don't make the mistake of glossing over these titles."
2/10,USA,Principal HR Systems Analyst,American Water,"Camden, NJ",Link,"Use judgement, but if you're looking for an IC role in People Analytics, don't make the mistake of glossing over these titles."
2/10,USA,Sr HRIS Analyst,Bashas' Supermarkets,"Chandler, AZ",Link,"Use judgement, but if you're looking for an IC role in People Analytics, don't make the mistake of glossing over these titles."
2/10,USA,HRIS Consultant,Henry Ford Health,"Detroit, MI",Link,"Use judgement, but if you're looking for an IC role in People Analytics, don't make the mistake of glossing over these titles."
2/10,USA,Global HRIS & Compliance Analyst,Louis Berger Services,"Washington, DC",Link,"Use judgement, but if you're looking for an IC role in People Analytics, don't make the mistake of glossing over these titles."
2/10,USA,HRIS Leader,"Lutron Electronics Co., Inc","Coopersburg, PA",Link,"Use judgement, but if you're looking for an IC role in People Analytics, don't make the mistake of glossing over these titles."
2/10,USA,Senior HRIS and Compensation Analyst,M/A Com Technolgy Solutions,"Lowell, MA",Link,"Use judgement, but if you're looking for an IC role in People Analytics, don't make the mistake of glossing over these titles."
2/10,USA,Senior HRIS Analyst,Raley's Supermarkets,"Sacramento, CA",Link,"Use judgement, but if you're looking for an IC role in People Analytics, don't make the mistake of glossing over these titles."
2/10,USA,Global HRIS & Compliance Analyst,"Versar, Inc.","Washington, DC",Link,"Use judgement, but if you're looking for an IC role in People Analytics, don't make the mistake of glossing over these titles."
2/10,USA,SF Employee Central & Reporting Advisor,Western Midstream,"The Woodlands, TX",Link,"Use judgement, but if you're looking for an IC role in People Analytics, don't make the mistake of glossing over these titles."
1/13,USA,HRIS Analyst,Allied Stone Inc,"Dallas, TX",Link,"Use judgement, but if you're looking for an IC role in People Analytics, don't make the mistake of glossing over these titles."
1/13,USA,HRIS Systems and Solutions Analyst,Ardent Health Services,"Brentwood, TN",Link,"Use judgement, but if you're looking for an IC role in People Analytics, don't make the mistake of glossing over these titles."
1/13,USA,HRIS Workday Analyst,Blue Star Partners LLC,Remote,Link,"Use judgement, but if you're looking for an IC role in People Analytics, don't make the mistake of glossing over these titles."
1/13,USA,Compensation & HRIS Specialist,CampusWorks,"Baltimore, MD",Link,"Use judgement, but if you're looking for an IC role in People Analytics, don't make the mistake of glossing over these titles."
1/13,USA,Senior HRIS Analyst,CEDARS-SINAI,"New York, NY",Link,"Use judgement, but if you're looking for an IC role in People Analytics, don't make the mistake of glossing over these titles."
1/13,USA,HRIS Analyst,Comfort Systems USA Southwest,"Houston, TX",Link,"Use judgement, but if you're looking for an IC role in People Analytics, don't make the mistake of glossing over these titles."
1/13,USA,HRIS Administrator,EMR USA Metal Recycling,"New Orleans, LA",Link,"Use judgement, but if you're looking for an IC role in People Analytics, don't make the mistake of glossing over these titles."
1/13,USA,HRIS Analyst,"Summit County, CO","Frisco, CO",Link,"Use judgement, but if you're looking for an IC role in People Analytics, don't make the mistake of glossing over these titles."
1/13,USA,HRIS Functional Specialist,Wise,"Austin, TX",Link,"Use judgement, but if you're looking for an IC role in People Analytics, don't make the mistake of glossing over these titles."
1/13,UK,HRIS Analyst,G-Research,London,Link,"Use judgement, but if you're looking for an IC role in People Analytics, don't make the mistake of glossing over these titles."
1/13,CAN,HRIS Analyst,AltaGas,"Calgary, AB",Link,"Use judgement, but if you're looking for an IC role in People Analytics, don't make the mistake of glossing over these titles."
12/16,UK,Sr. HRIS Analyst,PlayStation Global,London,Link,"Use judgement, but if you're looking for an IC role in People Analytics, don't make the mistake of glossing over these titles."
11/4,UK,SuccessFactors Analyst,Keylime Consultants,Remote,Link,"Use judgement, but if you're looking for an IC role in People Analytics, don't make the mistake of glossing over these titles."
4/8,USA,Workday Engineer,Better Being,"Salt Lake City, UT",Link,Data Engineering / PA Product Development - People Analytics Roles
4/8,USA,Data Engineer- People Analytics,EquipmentShare,"Columbia, MO",Link,Data Engineering / PA Product Development - People Analytics Roles
4/8,UK,HR Data Engineer,LegalAndGeneral,Brighton,Link,Data Engineering / PA Product Development - People Analytics Roles
4/8,CAN,Lead Value Engineer – HR SaaS,Nakisa,"Montréal, QC",Link,Data Engineering / PA Product Development - People Analytics Roles
3/10,USA,"Data Engineer II, ITA - Workforce Intelligence",Amazon.com,Multiple,Link,Data Engineering / PA Product Development - People Analytics Roles
3/10,USA,"Software Development Engineer, ITA",Amazon.com,Arlington,Link,Data Engineering / PA Product Development - People Analytics Roles
3/10,USA,"Sr. Product Manager - Tech, ITA",Amazon.com,Multiple,Link,Data Engineering / PA Product Development - People Analytics Roles
3/10,USA,Sys Manager People Insights Platforms and Products,Dignity Health,"Phoenix, AZ",Link,Data Engineering / PA Product Development - People Analytics Roles
3/10,USA,Senior Data Engineer/Scientist,Samsara,"Atlanta, GA",Link,Data Engineering / PA Product Development - People Analytics Roles
3/10,USA,Data Engineer - People Analytics,"Twitch Interactive, Inc.","San Francisco, CA",Link,Data Engineering / PA Product Development - People Analytics Roles
1/13,UK,People Data Engineer,AS Watson,London,Link,Data Engineering / PA Product Development - People Analytics Roles
11/26,USA,"Business Intelligence Engineer, People Analytics",Amazon.com,"Bellevue, WA",Link,Data Engineering / PA Product Development - People Analytics Roles
4/8,USA,2025 People Analytics Co-op,Acushnet Company,"Fairhaven, MA",Link,Internships and Academic Postings
4/8,USA,2025 People Analytics Co-op,Delta Airlines,"Atlanta, GA",Link,Internships and Academic Postings
3/10,USA,Intern - People Analytics,Burlington Stores,"Burlington, NJ",Link,Internships and Academic Postings
3/10,USA,Intern - People Analytics,MSC Cruises,"Fort Lauderdale, FL",Link,Internships and Academic Postings
3/10,USA,Intern - People Analytics,Retensa Employee Retention,Utica-Rome Area,Link,Internships and Academic Postings
11/26,USA,Intern - People Analytics,Altium Packaging,"Atlanta, GA",Link,Internships and Academic Postings
11/26,USA,Adjunct Faculty - HR Analytics,University of Saint Francis,"Fort Wayne, IN",Link,Internships and Academic Postings
